{"cameraMode":{"drawMode":0,"name":"Shaded","section":"Shading Mode"},"sceneLighting":false,"audioPlay":false,"sceneViewState":{"showFog":true,"showMaterialUpdate":false,"showSkybox":false,"showFlares":true,"showImageEffects":true,"showParticleSystems":true},"in2DMode":false,"pivot":{"x":7.078680992126465,"y":10.185553550720215,"z":-19.07773208618164},"rotation":{"x":0.2527339458465576,"y":0.04913460463285446,"z":-0.010701369494199753,"w":0.9668812155723572},"size":13.04349422454834,"orthographic":false}