{"cameraMode":{"drawMode":0,"name":"Shaded","section":"Shading Mode"},"sceneLighting":true,"audioPlay":false,"sceneViewState":{"showFog":true,"showMaterialUpdate":false,"showSkybox":false,"showFlares":true,"showImageEffects":true,"showParticleSystems":true},"in2DMode":false,"pivot":{"x":-1.8760461807250977,"y":2.6436803340911867,"z":0.5357170104980469},"rotation":{"x":-0.1924496293067932,"y":0.05759177356958389,"z":-0.01439847331494093,"w":-0.9801059365272522},"size":5.282761096954346,"orthographic":false}