{"cameraMode":{"drawMode":0,"name":"Shaded","section":"Shading Mode"},"sceneLighting":false,"audioPlay":false,"sceneViewState":{"showFog":true,"showMaterialUpdate":false,"showSkybox":false,"showFlares":true,"showImageEffects":true,"showParticleSystems":true},"in2DMode":false,"pivot":{"x":-72.19999694824219,"y":1.399999976158142,"z":98.30000305175781},"rotation":{"x":-0.6606237292289734,"y":-0.01565280556678772,"z":0.01395320799201727,"w":-0.7504832744598389},"size":160.60044860839845,"orthographic":true}