{"cameraMode":{"drawMode":0,"name":"Shaded","section":"Shading Mode"},"sceneLighting":false,"audioPlay":false,"sceneViewState":{"showFog":true,"showMaterialUpdate":false,"showSkybox":false,"showFlares":true,"showImageEffects":true,"showParticleSystems":true},"in2DMode":false,"pivot":{"x":14.711461067199707,"y":15.592615127563477,"z":1.524513602256775},"rotation":{"x":-0.2567591369152069,"y":0.7373204827308655,"z":-0.38415130972862246,"w":-0.4928250014781952},"size":37.10586929321289,"orthographic":false}