{"cameraMode":{"drawMode":0,"name":"Shaded","section":"Shading Mode"},"sceneLighting":false,"audioPlay":false,"sceneViewState":{"showFog":true,"showMaterialUpdate":false,"showSkybox":false,"showFlares":true,"showImageEffects":true,"showParticleSystems":true},"in2DMode":false,"pivot":{"x":-0.48236727714538576,"y":4.336183547973633,"z":1.3505363464355469},"rotation":{"x":-0.5156152248382568,"y":0.014646032825112343,"z":-0.0088200019672513,"w":-0.8566566109657288},"size":9.37980842590332,"orthographic":false}