{"cameraMode":{"drawMode":0,"name":"Shaded","section":"Shading Mode"},"sceneLighting":true,"audioPlay":false,"sceneViewState":{"showFog":true,"showMaterialUpdate":false,"showSkybox":true,"showFlares":true,"showImageEffects":true,"showParticleSystems":true},"in2DMode":false,"pivot":{"x":-7.854913711547852,"y":-39.97846221923828,"z":45.59724426269531},"rotation":{"x":-0.406587153673172,"y":0.04177091270685196,"z":-0.017655054107308389,"w":-0.9125802516937256},"size":135.1525421142578,"orthographic":false}