{"cameraMode":{"drawMode":0,"name":"Shaded","section":"Shading Mode"},"sceneLighting":true,"audioPlay":false,"sceneViewState":{"showFog":true,"showMaterialUpdate":false,"showSkybox":true,"showFlares":true,"showImageEffects":true,"showParticleSystems":true},"in2DMode":false,"pivot":{"x":1.3271113634109498,"y":-35.35995101928711,"z":28.120229721069337},"rotation":{"x":-0.43793320655822756,"y":0.008614963851869107,"z":-0.004243363160640001,"w":-0.8989880681037903},"size":59.627281188964847,"orthographic":false}