{"cameraMode":{"drawMode":0,"name":"Shaded","section":"Shading Mode"},"sceneLighting":true,"audioPlay":false,"sceneViewState":{"showFog":false,"showMaterialUpdate":false,"showSkybox":false,"showFlares":false,"showImageEffects":false,"showParticleSystems":false},"in2DMode":false,"pivot":{"x":34.621009826660159,"y":1.2846527099609376,"z":-56.47662353515625},"rotation":{"x":-0.45802247524261477,"y":0.011194282211363316,"z":-0.0057703121565282349,"w":-0.8888514041900635},"size":156.3551788330078,"orthographic":false}