{"cameraMode":{"drawMode":0,"name":"Shaded","section":"Shading Mode"},"sceneLighting":true,"audioPlay":false,"sceneViewState":{"showFog":true,"showMaterialUpdate":false,"showSkybox":true,"showFlares":true,"showImageEffects":true,"showParticleSystems":true},"in2DMode":false,"pivot":{"x":116.47235107421875,"y":-66.6611557006836,"z":24.29850196838379},"rotation":{"x":-0.19886356592178346,"y":-0.6252155303955078,"z":0.16898398101329804,"w":-0.7356228828430176},"size":80.25043487548828,"orthographic":false}