{"cameraMode":{"drawMode":0,"name":"Shaded","section":"Shading Mode"},"sceneLighting":true,"audioPlay":false,"sceneViewState":{"showFog":true,"showMaterialUpdate":false,"showSkybox":false,"showFlares":true,"showImageEffects":true,"showParticleSystems":true},"in2DMode":false,"pivot":{"x":147.7659149169922,"y":0.7001485824584961,"z":-18.307111740112306},"rotation":{"x":0.7132934331893921,"y":0.13085444271564485,"z":-0.13967882096767426,"w":0.6743872761726379},"size":5.547094821929932,"orthographic":false}