{"cameraMode":{"drawMode":0,"name":"Shaded","section":"Shading Mode"},"sceneLighting":true,"audioPlay":false,"sceneViewState":{"showFog":true,"showMaterialUpdate":false,"showSkybox":false,"showFlares":true,"showImageEffects":true,"showParticleSystems":true},"in2DMode":false,"pivot":{"x":-15.483121871948243,"y":13.734119415283204,"z":-11.976333618164063},"rotation":{"x":-0.0022592113818973305,"y":0.9525360465049744,"z":-0.30469515919685366,"w":-0.003942019306123257},"size":41.84446334838867,"orthographic":false}