{"cameraMode":{"drawMode":0,"name":"Shaded","section":"Shading Mode"},"sceneLighting":false,"audioPlay":false,"sceneViewState":{"showFog":true,"showMaterialUpdate":false,"showSkybox":false,"showFlares":true,"showImageEffects":true,"showParticleSystems":true},"in2DMode":false,"pivot":{"x":57.049156188964847,"y":5.29595947265625,"z":17.27411460876465},"rotation":{"x":0.20046475529670716,"y":0.5759537220001221,"z":-0.1482830047607422,"w":0.7785431742668152},"size":40.63719940185547,"orthographic":false}