{"cameraMode":{"drawMode":0,"name":"Shaded","section":"Shading Mode"},"sceneLighting":false,"audioPlay":false,"sceneViewState":{"showFog":true,"showMaterialUpdate":false,"showSkybox":false,"showFlares":true,"showImageEffects":true,"showParticleSystems":true},"in2DMode":false,"pivot":{"x":64.6561508178711,"y":12.012895584106446,"z":19.317886352539064},"rotation":{"x":0.08648381382226944,"y":0.6078250408172607,"z":-0.06681200861930847,"w":0.7865313291549683},"size":40.63719940185547,"orthographic":false}