{"cameraMode":{"drawMode":0,"name":"Shaded","section":"Shading Mode"},"sceneLighting":false,"audioPlay":false,"sceneViewState":{"showFog":true,"showMaterialUpdate":false,"showSkybox":false,"showFlares":true,"showImageEffects":true,"showParticleSystems":true},"in2DMode":false,"pivot":{"x":-5.044253349304199,"y":34.50966262817383,"z":36.19329833984375},"rotation":{"x":0.1437993198633194,"y":-0.015660034492611886,"z":0.0023916196078062059,"w":0.9896120429039002},"size":39.16389465332031,"orthographic":false}