{"cameraMode":{"drawMode":0,"name":"Shaded","section":"Shading Mode"},"sceneLighting":true,"audioPlay":false,"sceneViewState":{"showFog":true,"showMaterialUpdate":false,"showSkybox":true,"showFlares":true,"showImageEffects":true,"showParticleSystems":true},"in2DMode":false,"pivot":{"x":66.21703338623047,"y":69.04937744140625,"z":-107.76618194580078},"rotation":{"x":0.21179459989070893,"y":-0.7880013585090637,"z":0.4193013310432434,"w":0.3980216681957245},"size":87.15213775634766,"orthographic":false}