{"cameraMode":{"drawMode":0,"name":"Shaded","section":"Shading Mode"},"sceneLighting":true,"audioPlay":false,"sceneViewState":{"showFog":true,"showMaterialUpdate":false,"showSkybox":true,"showFlares":true,"showImageEffects":true,"showParticleSystems":true},"in2DMode":false,"pivot":{"x":29.63837242126465,"y":-204.83969116210938,"z":-84.43387603759766},"rotation":{"x":-0.6959776878356934,"y":-0.006035949103534222,"z":0.0058454107493162159,"w":-0.7180214524269104},"size":335.0417785644531,"orthographic":false}