{"cameraMode":{"drawMode":0,"name":"Shaded","section":"Shading Mode"},"sceneLighting":true,"audioPlay":false,"sceneViewState":{"showFog":true,"showMaterialUpdate":false,"showSkybox":true,"showFlares":true,"showImageEffects":true,"showParticleSystems":true},"in2DMode":false,"pivot":{"x":105.95904541015625,"y":12.925048828125,"z":323.3143310546875},"rotation":{"x":0.37628111243247988,"y":0.020316271111369134,"z":-0.009292267262935639,"w":0.9265649318695068},"size":1402.72314453125,"orthographic":false}