{"cameraMode":{"drawMode":0,"name":"Shaded","section":"Shading Mode"},"sceneLighting":false,"audioPlay":false,"sceneViewState":{"showFog":true,"showMaterialUpdate":false,"showSkybox":false,"showFlares":true,"showImageEffects":true,"showParticleSystems":true},"in2DMode":false,"pivot":{"x":-4.077125072479248,"y":0.39501994848251345,"z":-1.981466293334961},"rotation":{"x":0.16650469601154328,"y":-0.7065633535385132,"z":0.1818477362394333,"w":0.6641635894775391},"size":6.935451030731201,"orthographic":false}