{"cameraMode":{"drawMode":0,"name":"Shaded","section":"Shading Mode"},"sceneLighting":false,"audioPlay":false,"sceneViewState":{"showFog":true,"showMaterialUpdate":false,"showSkybox":false,"showFlares":true,"showImageEffects":true,"showParticleSystems":true},"in2DMode":false,"pivot":{"x":-1.6803679466247559,"y":0.9768370389938355,"z":0.02295689284801483},"rotation":{"x":0.3044227063655853,"y":-0.6858441233634949,"z":0.39335453510284426,"w":0.5315448045730591},"size":34.900753021240237,"orthographic":false}