{"cameraMode":{"drawMode":0,"name":"Shaded","section":"Shading Mode"},"sceneLighting":true,"audioPlay":false,"sceneViewState":{"showFog":false,"showMaterialUpdate":false,"showSkybox":false,"showFlares":false,"showImageEffects":false,"showParticleSystems":false},"in2DMode":false,"pivot":{"x":-8.706632614135743,"y":-21.897796630859376,"z":51.099273681640628},"rotation":{"x":0.3893110752105713,"y":0.049702323973178866,"z":-0.021043570712208749,"w":0.9195249080657959},"size":106.78434753417969,"orthographic":false}