{"cameraMode":{"drawMode":0,"name":"Shaded","section":"Shading Mode"},"sceneLighting":false,"audioPlay":false,"sceneViewState":{"showFog":true,"showMaterialUpdate":false,"showSkybox":false,"showFlares":true,"showImageEffects":true,"showParticleSystems":true},"in2DMode":false,"pivot":{"x":8.548256874084473,"y":5.672194004058838,"z":16.31109619140625},"rotation":{"x":-0.28402894735336306,"y":0.19444076716899873,"z":-0.05897411331534386,"w":-0.9370741844177246},"size":4.417448997497559,"orthographic":false}