{"cameraMode":{"drawMode":0,"name":"Shaded","section":"Shading Mode"},"sceneLighting":false,"audioPlay":false,"sceneViewState":{"showFog":true,"showMaterialUpdate":false,"showSkybox":false,"showFlares":true,"showImageEffects":true,"showParticleSystems":true},"in2DMode":false,"pivot":{"x":5.100137710571289,"y":13.823638916015625,"z":-1.8038406372070313},"rotation":{"x":-0.008078988641500473,"y":-0.9860920310020447,"z":0.1602293848991394,"w":-0.04726171866059303},"size":27.115001678466798,"orthographic":false}