{"cameraMode":{"drawMode":0,"name":"Shaded","section":"Shading Mode"},"sceneLighting":false,"audioPlay":false,"sceneViewState":{"showFog":true,"showMaterialUpdate":false,"showSkybox":false,"showFlares":true,"showImageEffects":true,"showParticleSystems":true},"in2DMode":false,"pivot":{"x":-6.410272598266602,"y":18.56009292602539,"z":2.6026458740234377},"rotation":{"x":0.07697096467018128,"y":-0.03820829465985298,"z":0.0031447175424546005,"w":0.99643474817276},"size":21.620882034301759,"orthographic":false}