{"cameraMode":{"drawMode":0,"name":"Shaded","section":"Shading Mode"},"sceneLighting":false,"audioPlay":false,"sceneViewState":{"showFog":false,"showMaterialUpdate":false,"showSkybox":false,"showFlares":false,"showImageEffects":false,"showParticleSystems":false},"in2DMode":false,"pivot":{"x":-15.604345321655274,"y":13.04205322265625,"z":15.278736114501954},"rotation":{"x":0.04015547037124634,"y":0.5835711359977722,"z":-0.028910009190440179,"w":0.8105549812316895},"size":6.718824863433838,"orthographic":false}