{"cameraMode":{"drawMode":0,"name":"Shaded","section":"Shading Mode"},"sceneLighting":true,"audioPlay":false,"sceneViewState":{"showFog":true,"showMaterialUpdate":false,"showSkybox":true,"showFlares":true,"showImageEffects":true,"showParticleSystems":true},"in2DMode":false,"pivot":{"x":3.688042163848877,"y":-50.08325958251953,"z":15.129474639892579},"rotation":{"x":-0.5566652417182922,"y":-0.049526266753673556,"z":0.03539707511663437,"w":-0.8287245631217957},"size":46.233585357666019,"orthographic":false}