{"cameraMode":{"drawMode":0,"name":"Shaded","section":"Shading Mode"},"sceneLighting":true,"audioPlay":false,"sceneViewState":{"showFog":true,"showMaterialUpdate":false,"showSkybox":true,"showFlares":true,"showImageEffects":true,"showParticleSystems":true},"in2DMode":false,"pivot":{"x":137.29837036132813,"y":18.145660400390626,"z":36.456878662109378},"rotation":{"x":-0.12321971356868744,"y":-0.873650312423706,"z":0.29845160245895388,"w":-0.36399057507514956},"size":1424.25927734375,"orthographic":false}