{"cameraMode":{"drawMode":0,"name":"Shaded","section":"Shading Mode"},"sceneLighting":false,"audioPlay":false,"sceneViewState":{"showFog":true,"showMaterialUpdate":false,"showSkybox":false,"showFlares":true,"showImageEffects":true,"showParticleSystems":true},"in2DMode":false,"pivot":{"x":-0.050780534744262698,"y":0.40412384271621706,"z":-0.03414914011955261},"rotation":{"x":-0.27931657433509829,"y":0.1948719024658203,"z":-0.05947710573673248,"w":-0.9388367533683777},"size":0.7896305322647095,"orthographic":false}