{"cameraMode":{"drawMode":0,"name":"Shaded","section":"Shading Mode"},"sceneLighting":false,"audioPlay":false,"sceneViewState":{"showFog":true,"showMaterialUpdate":false,"showSkybox":false,"showFlares":true,"showImageEffects":true,"showParticleSystems":true},"in2DMode":false,"pivot":{"x":-0.025228500366210939,"y":1.255086898803711,"z":0.09905433654785156},"rotation":{"x":0.2592967748641968,"y":-0.1083742007613182,"z":0.029295388609170915,"w":0.9592602849006653},"size":5.674035549163818,"orthographic":false}