{"cameraMode":{"drawMode":0,"name":"Shaded","section":"Shading Mode"},"sceneLighting":true,"audioPlay":false,"sceneViewState":{"showFog":true,"showMaterialUpdate":false,"showSkybox":true,"showFlares":true,"showImageEffects":true,"showParticleSystems":true},"in2DMode":false,"pivot":{"x":292.5457763671875,"y":-69.91317749023438,"z":145.20111083984376},"rotation":{"x":0.09780781716108322,"y":0.8696441650390625,"z":-0.1913789063692093,"w":0.4444902837276459},"size":325.10943603515627,"orthographic":false}