{"cameraMode":{"drawMode":0,"name":"Shaded","section":"Shading Mode"},"sceneLighting":false,"audioPlay":false,"sceneViewState":{"showFog":true,"showMaterialUpdate":false,"showSkybox":false,"showFlares":true,"showImageEffects":true,"showParticleSystems":true},"in2DMode":false,"pivot":{"x":-0.9030208587646484,"y":-0.5385440587997437,"z":-0.601078987121582},"rotation":{"x":0.004828473087400198,"y":-0.9933046698570252,"z":0.0450318343937397,"w":0.10681796818971634},"size":7.488152980804443,"orthographic":false}