{"cameraMode":{"drawMode":0,"name":"Shaded","section":"Shading Mode"},"sceneLighting":true,"audioPlay":false,"sceneViewState":{"showFog":true,"showMaterialUpdate":false,"showSkybox":true,"showFlares":true,"showImageEffects":true,"showParticleSystems":true},"in2DMode":false,"pivot":{"x":21.447704315185548,"y":-159.376708984375,"z":338.1470947265625},"rotation":{"x":-0.32710638642311098,"y":-0.019280163571238519,"z":0.0066694398410618309,"w":-0.9447779059410095},"size":304.0122375488281,"orthographic":false}