{"cameraMode":{"drawMode":0,"name":"Shaded","section":"Shading Mode"},"sceneLighting":false,"audioPlay":false,"sceneViewState":{"showFog":true,"showMaterialUpdate":false,"showSkybox":false,"showFlares":true,"showImageEffects":true,"showParticleSystems":true},"in2DMode":false,"pivot":{"x":-11.241308212280274,"y":-40.09096908569336,"z":9.514518737792969},"rotation":{"x":0.2930631637573242,"y":-0.6097150444984436,"z":0.25927430391311648,"w":0.6894147992134094},"size":83.87136840820313,"orthographic":false}