{"cameraMode":{"drawMode":0,"name":"Shaded","section":"Shading Mode"},"sceneLighting":true,"audioPlay":false,"sceneViewState":{"showFog":true,"showMaterialUpdate":false,"showSkybox":true,"showFlares":true,"showImageEffects":true,"showParticleSystems":true},"in2DMode":false,"pivot":{"x":-108.51470184326172,"y":13.689046859741211,"z":2.6840438842773439},"rotation":{"x":0.03456905484199524,"y":-0.5072634816169739,"z":0.021029146388173105,"w":0.8609742522239685},"size":72.6734848022461,"orthographic":false}