{"cameraMode":{"drawMode":0,"name":"Shaded","section":"Shading Mode"},"sceneLighting":true,"audioPlay":false,"sceneViewState":{"showFog":true,"showMaterialUpdate":false,"showSkybox":true,"showFlares":true,"showImageEffects":true,"showParticleSystems":true},"in2DMode":false,"pivot":{"x":-2.369192123413086,"y":-21.064056396484376,"z":-21.122634887695314},"rotation":{"x":-0.5335605144500732,"y":0.005576394498348236,"z":-0.0035197173710912468,"w":-0.8457518815994263},"size":343.76123046875,"orthographic":false}