{"cameraMode":{"drawMode":0,"name":"Shaded","section":"Shading Mode"},"sceneLighting":true,"audioPlay":false,"sceneViewState":{"showFog":true,"showMaterialUpdate":false,"showSkybox":true,"showFlares":true,"showImageEffects":true,"showParticleSystems":true},"in2DMode":false,"pivot":{"x":65.18096160888672,"y":-206.1676025390625,"z":-159.03451538085938},"rotation":{"x":-0.590184211730957,"y":0.01960873231291771,"z":-0.014341836795210839,"w":-0.8069058656692505},"size":385.40203857421877,"orthographic":false}