{"cameraMode":{"drawMode":0,"name":"Shaded","section":"Shading Mode"},"sceneLighting":true,"audioPlay":false,"sceneViewState":{"showFog":true,"showMaterialUpdate":false,"showSkybox":true,"showFlares":true,"showImageEffects":true,"showParticleSystems":true},"in2DMode":false,"pivot":{"x":-18.169803619384767,"y":-335.8652648925781,"z":221.95901489257813},"rotation":{"x":0.4773336946964264,"y":-0.03293727710843086,"z":0.017908837646245958,"w":0.8779231905937195},"size":232.17941284179688,"orthographic":false}