{"cameraMode":{"drawMode":0,"name":"Shaded","section":"Shading Mode"},"sceneLighting":true,"audioPlay":false,"sceneViewState":{"showFog":true,"showMaterialUpdate":false,"showSkybox":true,"showFlares":true,"showImageEffects":true,"showParticleSystems":true},"in2DMode":false,"pivot":{"x":-23.45281982421875,"y":29.436492919921876,"z":-23.74127197265625},"rotation":{"x":0.4118015766143799,"y":-0.016402792185544969,"z":0.00740940822288394,"w":0.9111033082008362},"size":120.6790542602539,"orthographic":false}