{"cameraMode":{"drawMode":0,"name":"Shaded","section":"Shading Mode"},"sceneLighting":false,"audioPlay":false,"sceneViewState":{"showFog":true,"showMaterialUpdate":false,"showSkybox":false,"showFlares":true,"showImageEffects":true,"showParticleSystems":true},"in2DMode":false,"pivot":{"x":0.5793033242225647,"y":2.1392393112182619,"z":0.007766693830490112},"rotation":{"x":-0.33808186650276186,"y":-0.6581969857215881,"z":0.5169044733047485,"w":-0.43057993054389956},"size":14.594862937927246,"orthographic":false}