{"cameraMode":{"drawMode":0,"name":"Shaded","section":"Shading Mode"},"sceneLighting":false,"audioPlay":false,"sceneViewState":{"showFog":true,"showMaterialUpdate":false,"showSkybox":false,"showFlares":true,"showImageEffects":true,"showParticleSystems":true},"in2DMode":false,"pivot":{"x":24.799999237060548,"y":38.78389358520508,"z":0.8999996185302734},"rotation":{"x":0.28679534792900088,"y":-0.027297712862491609,"z":0.008177092298865319,"w":0.9575740694999695},"size":18.87262725830078,"orthographic":false}