{"cameraMode":{"drawMode":0,"name":"Shaded","section":"Shading Mode"},"sceneLighting":false,"audioPlay":false,"sceneViewState":{"showFog":true,"showMaterialUpdate":false,"showSkybox":false,"showFlares":true,"showImageEffects":true,"showParticleSystems":true},"in2DMode":false,"pivot":{"x":4.281653881072998,"y":8.55025577545166,"z":-5.089722633361816},"rotation":{"x":-0.8642166256904602,"y":-0.12353171408176422,"z":-0.2580343186855316,"w":0.41396772861480715},"size":20.03561782836914,"orthographic":false}