{"cameraMode":{"drawMode":0,"name":"Shaded","section":"Shading Mode"},"sceneLighting":false,"audioPlay":false,"sceneViewState":{"showFog":true,"showMaterialUpdate":false,"showSkybox":false,"showFlares":true,"showImageEffects":true,"showParticleSystems":true},"in2DMode":false,"pivot":{"x":-1.4901161193847657e-8,"y":0.0735645443201065,"z":0.0045432597398757938},"rotation":{"x":-0.08913172781467438,"y":0.8632630109786987,"z":-0.4698544144630432,"w":-0.1619899570941925},"size":7.821004867553711,"orthographic":false}