{"cameraMode":{"drawMode":0,"name":"Shaded","section":"Shading Mode"},"sceneLighting":false,"audioPlay":false,"sceneViewState":{"showFog":true,"showMaterialUpdate":false,"showSkybox":false,"showFlares":true,"showImageEffects":true,"showParticleSystems":true},"in2DMode":false,"pivot":{"x":12.883466720581055,"y":-1.212376594543457,"z":16.30501365661621},"rotation":{"x":0.22816695272922517,"y":0.6024398803710938,"z":-0.18213830888271333,"w":0.7437012195587158},"size":49.8800048828125,"orthographic":false}