{"cameraMode":{"drawMode":0,"name":"Shaded","section":"Shading Mode"},"sceneLighting":true,"audioPlay":false,"sceneViewState":{"showFog":true,"showMaterialUpdate":false,"showSkybox":true,"showFlares":true,"showImageEffects":true,"showParticleSystems":true},"in2DMode":false,"pivot":{"x":-5.037308692932129,"y":-533.9586791992188,"z":132.54226684570313},"rotation":{"x":0.5951919555664063,"y":0.0012030169600620866,"z":-0.0008957412210293114,"w":0.8035907745361328},"size":337.35711669921877,"orthographic":false}