{"cameraMode":{"drawMode":0,"name":"Shaded","section":"Shading Mode"},"sceneLighting":true,"audioPlay":false,"sceneViewState":{"showFog":true,"showMaterialUpdate":false,"showSkybox":true,"showFlares":true,"showImageEffects":true,"showParticleSystems":true},"in2DMode":false,"pivot":{"x":1.6488876342773438,"y":-46.81370162963867,"z":-20.575298309326173},"rotation":{"x":0.17191830277442933,"y":-0.7857286334037781,"z":0.2463943362236023,"w":0.5410425066947937},"size":72.71434020996094,"orthographic":false}