{"cameraMode":{"drawMode":0,"name":"Shaded","section":"Shading Mode"},"sceneLighting":true,"audioPlay":false,"sceneViewState":{"showFog":true,"showMaterialUpdate":false,"showSkybox":true,"showFlares":true,"showImageEffects":true,"showParticleSystems":true},"in2DMode":false,"pivot":{"x":74.15607452392578,"y":-133.3370361328125,"z":237.21075439453126},"rotation":{"x":0.48074162006378176,"y":0.08587057888507843,"z":-0.04850579425692558,"w":0.8713139295578003},"size":455.3514099121094,"orthographic":false}