{"cameraMode":{"drawMode":0,"name":"Shaded","section":"Shading Mode"},"sceneLighting":true,"audioPlay":false,"sceneViewState":{"showFog":true,"showMaterialUpdate":false,"showSkybox":true,"showFlares":true,"showImageEffects":true,"showParticleSystems":true},"in2DMode":false,"pivot":{"x":0.6884994506835938,"y":0.015625,"z":6.51513671875},"rotation":{"x":0.4344305098056793,"y":-0.0013613153714686633,"z":0.0006321888649836183,"w":0.9007248282432556},"size":372.6486511230469,"orthographic":true}