{"cameraMode":{"drawMode":0,"name":"Shaded","section":"Shading Mode"},"sceneLighting":true,"audioPlay":false,"sceneViewState":{"showFog":true,"showMaterialUpdate":false,"showSkybox":true,"showFlares":true,"showImageEffects":true,"showParticleSystems":true},"in2DMode":false,"pivot":{"x":3.0284481048583986,"y":5.154060363769531,"z":24.78006362915039},"rotation":{"x":0.28679534792900088,"y":-0.027297712862491609,"z":0.008177092298865319,"w":0.9575740694999695},"size":69.36766815185547,"orthographic":false}