{"cameraMode":{"drawMode":0,"name":"Shaded","section":"Shading Mode"},"sceneLighting":false,"audioPlay":false,"sceneViewState":{"showFog":false,"showMaterialUpdate":false,"showSkybox":false,"showFlares":false,"showImageEffects":false,"showParticleSystems":false},"in2DMode":false,"pivot":{"x":-120.62199401855469,"y":-471.98687744140627,"z":690.4127807617188},"rotation":{"x":0.30576959252357485,"y":-0.08372516930103302,"z":0.027315087616443635,"w":0.9481085538864136},"size":455.976318359375,"orthographic":false}