{"cameraMode":{"drawMode":0,"name":"Shaded","section":"Shading Mode"},"sceneLighting":false,"audioPlay":false,"sceneViewState":{"showFog":true,"showMaterialUpdate":false,"showSkybox":false,"showFlares":true,"showImageEffects":true,"showParticleSystems":true},"in2DMode":false,"pivot":{"x":0.189322829246521,"y":1.1865103244781495,"z":0.10474348068237305},"rotation":{"x":0.02943466790020466,"y":-0.9702575206756592,"z":0.18288394808769227,"w":0.15620914101600648},"size":4.477119445800781,"orthographic":false}