{"cameraMode":{"drawMode":0,"name":"Shaded","section":"Shading Mode"},"sceneLighting":false,"audioPlay":false,"sceneViewState":{"showFog":true,"showMaterialUpdate":false,"showSkybox":false,"showFlares":true,"showImageEffects":true,"showParticleSystems":true},"in2DMode":false,"pivot":{"x":-5.347692966461182,"y":76.8840560913086,"z":-1.7006556987762452},"rotation":{"x":0.33911967277526858,"y":-0.15506795048713685,"z":0.05679428577423096,"w":0.9261532425880432},"size":2.672376871109009,"orthographic":false}