{"cameraMode":{"drawMode":0,"name":"Shaded","section":"Shading Mode"},"sceneLighting":false,"audioPlay":false,"sceneViewState":{"showFog":true,"showMaterialUpdate":false,"showSkybox":false,"showFlares":true,"showImageEffects":true,"showParticleSystems":true},"in2DMode":false,"pivot":{"x":-63.07112121582031,"y":5.59555196762085,"z":4.019157409667969},"rotation":{"x":-0.16759832203388215,"y":-0.6813356876373291,"z":0.16041165590286256,"w":-0.6951144933700562},"size":25.97391700744629,"orthographic":false}