{"cameraMode":{"drawMode":0,"name":"Shaded","section":"Shading Mode"},"sceneLighting":false,"audioPlay":false,"sceneViewState":{"showFog":true,"showMaterialUpdate":false,"showSkybox":false,"showFlares":true,"showImageEffects":true,"showParticleSystems":true},"in2DMode":false,"pivot":{"x":0.0,"y":0.5560963153839111,"z":-3.5762786865234377e-7},"rotation":{"x":0.13135506212711335,"y":0.6799677610397339,"z":-0.12177156656980515,"w":0.7118126749992371},"size":1.4586507081985474,"orthographic":false}