{"cameraMode":{"drawMode":0,"name":"Shaded","section":"Shading Mode"},"sceneLighting":true,"audioPlay":false,"sceneViewState":{"showFog":true,"showMaterialUpdate":false,"showSkybox":true,"showFlares":true,"showImageEffects":true,"showParticleSystems":true},"in2DMode":false,"pivot":{"x":-186.9750213623047,"y":74.7860107421875,"z":48.35603332519531},"rotation":{"x":-0.4960543215274811,"y":0.21949386596679688,"z":-0.1312163770198822,"w":-0.8297820687294006},"size":319.5084533691406,"orthographic":false}