{"cameraMode":{"drawMode":0,"name":"Shaded","section":"Shading Mode"},"sceneLighting":false,"audioPlay":false,"sceneViewState":{"showFog":true,"showMaterialUpdate":false,"showSkybox":false,"showFlares":true,"showImageEffects":true,"showParticleSystems":true},"in2DMode":false,"pivot":{"x":1.4052848815917969,"y":-0.713600218296051,"z":-0.38066402077674868},"rotation":{"x":0.4118015766143799,"y":-0.016402792185544969,"z":0.00740940822288394,"w":0.9111033082008362},"size":4.704232692718506,"orthographic":false}