{"cameraMode":{"drawMode":0,"name":"Shaded","section":"Shading Mode"},"sceneLighting":true,"audioPlay":false,"sceneViewState":{"showFog":true,"showMaterialUpdate":false,"showSkybox":true,"showFlares":true,"showImageEffects":true,"showParticleSystems":true},"in2DMode":false,"pivot":{"x":-0.1680697351694107,"y":-2.2304482460021974,"z":10.41887092590332},"rotation":{"x":0.36901047825813296,"y":-0.0172609593719244,"z":0.006853445433080196,"w":0.9292619824409485},"size":5.801957607269287,"orthographic":false}