{"cameraMode":{"drawMode":0,"name":"Shaded","section":"Shading Mode"},"sceneLighting":true,"audioPlay":false,"sceneViewState":{"showFog":true,"showMaterialUpdate":false,"showSkybox":false,"showFlares":true,"showImageEffects":true,"showParticleSystems":true},"in2DMode":false,"pivot":{"x":0.5299964547157288,"y":-2.9660720825195314,"z":-0.19441986083984376},"rotation":{"x":-0.0022592113818973305,"y":0.9525360465049744,"z":-0.30469515919685366,"w":-0.003942019306123257},"size":42.80877685546875,"orthographic":false}