{"cameraMode":{"drawMode":0,"name":"Shaded","section":"Shading Mode"},"sceneLighting":false,"audioPlay":false,"sceneViewState":{"showFog":true,"showMaterialUpdate":false,"showSkybox":false,"showFlares":true,"showImageEffects":true,"showParticleSystems":true},"in2DMode":false,"pivot":{"x":0.0,"y":0.012523382902145386,"z":-0.00013335049152374268},"rotation":{"x":0.1437993198633194,"y":-0.015660034492611886,"z":0.0023916196078062059,"w":0.9896120429039002},"size":1.951587200164795,"orthographic":false}