{"cameraMode":{"drawMode":0,"name":"Shaded","section":"Shading Mode"},"sceneLighting":false,"audioPlay":false,"sceneViewState":{"showFog":false,"showMaterialUpdate":false,"showSkybox":false,"showFlares":false,"showImageEffects":false,"showParticleSystems":false},"in2DMode":false,"pivot":{"x":0.0,"y":3.892673969268799,"z":-0.0000019073486328125},"rotation":{"x":0.29107463359832766,"y":0.033398162573575976,"z":-0.009857208468019963,"w":0.9561499953269959},"size":10.210554122924805,"orthographic":false}