{"cameraMode":{"drawMode":0,"name":"Shaded","section":"Shading Mode"},"sceneLighting":false,"audioPlay":false,"sceneViewState":{"showFog":true,"showMaterialUpdate":false,"showSkybox":false,"showFlares":true,"showImageEffects":true,"showParticleSystems":true},"in2DMode":false,"pivot":{"x":1.7290914058685303,"y":-3.5768203735351564,"z":8.903087615966797},"rotation":{"x":-0.22166283428668977,"y":-0.0038403125945478679,"z":0.0008744065999053419,"w":-0.9751954078674316},"size":8.271464347839356,"orthographic":false}