{"cameraMode":{"drawMode":0,"name":"Shaded","section":"Shading Mode"},"sceneLighting":false,"audioPlay":false,"sceneViewState":{"showFog":false,"showMaterialUpdate":false,"showSkybox":false,"showFlares":false,"showImageEffects":false,"showParticleSystems":false},"in2DMode":false,"pivot":{"x":22.78133773803711,"y":11.086255073547364,"z":8.181221961975098},"rotation":{"x":0.29107463359832766,"y":0.033398162573575976,"z":-0.009857208468019963,"w":0.9561499953269959},"size":1.4124125242233277,"orthographic":false}