{"cameraMode":{"drawMode":0,"name":"Shaded","section":"Shading Mode"},"sceneLighting":true,"audioPlay":false,"sceneViewState":{"showFog":true,"showMaterialUpdate":false,"showSkybox":true,"showFlares":true,"showImageEffects":true,"showParticleSystems":true},"in2DMode":false,"pivot":{"x":1.7835588455200196,"y":27.12828826904297,"z":154.713623046875},"rotation":{"x":0.004495037253946066,"y":0.04648290202021599,"z":-0.00020916225912515074,"w":0.9989103674888611},"size":102.99717712402344,"orthographic":false}