{"cameraMode":{"drawMode":0,"name":"Shaded","section":"Shading Mode"},"sceneLighting":false,"audioPlay":false,"sceneViewState":{"showFog":false,"showMaterialUpdate":false,"showSkybox":false,"showFlares":false,"showImageEffects":false,"showParticleSystems":false},"in2DMode":false,"pivot":{"x":-0.0000438690185546875,"y":10.574142456054688,"z":-0.00034809112548828125},"rotation":{"x":0.29107463359832766,"y":0.033398162573575976,"z":-0.009857208468019963,"w":0.9561499953269959},"size":19.192228317260743,"orthographic":false}