{"cameraMode":{"drawMode":0,"name":"Shaded","section":"Shading Mode"},"sceneLighting":false,"audioPlay":false,"sceneViewState":{"showFog":false,"showMaterialUpdate":false,"showSkybox":false,"showFlares":false,"showImageEffects":false,"showParticleSystems":false},"in2DMode":false,"pivot":{"x":-12.78139591217041,"y":0.7603313326835632,"z":-1.825758934020996},"rotation":{"x":-0.23461806774139405,"y":0.6209222674369812,"z":-0.20235762000083924,"w":-0.7200995683670044},"size":0.7000351548194885,"orthographic":false}