{"cameraMode":{"drawMode":0,"name":"Shaded","section":"Shading Mode"},"sceneLighting":false,"audioPlay":false,"sceneViewState":{"showFog":true,"showMaterialUpdate":false,"showSkybox":false,"showFlares":true,"showImageEffects":true,"showParticleSystems":true},"in2DMode":false,"pivot":{"x":-24.98440933227539,"y":12.106945991516114,"z":15.557296752929688},"rotation":{"x":0.28094619512557986,"y":0.5561778545379639,"z":-0.20435406267642976,"w":0.7558026313781738},"size":4.003482818603516,"orthographic":false}