{"cameraMode":{"drawMode":0,"name":"Shaded","section":"Shading Mode"},"sceneLighting":false,"audioPlay":false,"sceneViewState":{"showFog":true,"showMaterialUpdate":false,"showSkybox":false,"showFlares":true,"showImageEffects":true,"showParticleSystems":true},"in2DMode":false,"pivot":{"x":-2.5712661743164064,"y":23.880645751953126,"z":-6.308732986450195},"rotation":{"x":-0.061018895357847217,"y":-0.8402266502380371,"z":-0.09638022631406784,"w":0.5304433703422546},"size":14.251781463623047,"orthographic":false}